,STNAME,CoC Code,Coc,CTYNAME,FIPS code,Year,Suicide Deaths
84,Colorado,CO-503,Metropolitan Denver,Adams County,8001,2007,72.0
85,Colorado,CO-503,Metropolitan Denver,Adams County,8001,2008,69.0
86,Colorado,CO-503,Metropolitan Denver,Adams County,8001,2009,71.0
87,Colorado,CO-503,Metropolitan Denver,Adams County,8001,2010,51.0
88,Colorado,CO-503,Metropolitan Denver,Adams County,8001,2011,66.0
89,Colorado,CO-503,Metropolitan Denver,Adams County,8001,2012,86.0
90,Colorado,CO-503,Metropolitan Denver,Adams County,8001,2013,71.0
91,Colorado,CO-503,Metropolitan Denver,Adams County,8001,2014,84.0
92,Colorado,CO-503,Metropolitan Denver,Adams County,8001,2015,86.0
93,Colorado,CO-503,Metropolitan Denver,Adams County,8001,2016,84.0
94,Colorado,CO-503,Metropolitan Denver,Adams County,8001,2017,108.0
95,Colorado,CO-503,Metropolitan Denver,Adams County,8001,2018,111.0
96,Colorado,CO-503,Metropolitan Denver,Adams County,8001,2019,102.0
97,Colorado,CO-503,Metropolitan Denver,Adams County,8001,2020,114.0
435,Colorado,CO-503,Metropolitan Denver,Adams County,8001,2021,104.0
98,Colorado,CO-503,Metropolitan Denver,Arapahoe County,8005,2007,91.0
99,Colorado,CO-503,Metropolitan Denver,Arapahoe County,8005,2008,86.0
100,Colorado,CO-503,Metropolitan Denver,Arapahoe County,8005,2009,102.0
101,Colorado,CO-503,Metropolitan Denver,Arapahoe County,8005,2010,70.0
102,Colorado,CO-503,Metropolitan Denver,Arapahoe County,8005,2011,103.0
103,Colorado,CO-503,Metropolitan Denver,Arapahoe County,8005,2012,100.0
104,Colorado,CO-503,Metropolitan Denver,Arapahoe County,8005,2013,111.0
105,Colorado,CO-503,Metropolitan Denver,Arapahoe County,8005,2014,115.0
106,Colorado,CO-503,Metropolitan Denver,Arapahoe County,8005,2015,106.0
107,Colorado,CO-503,Metropolitan Denver,Arapahoe County,8005,2016,119.0
108,Colorado,CO-503,Metropolitan Denver,Arapahoe County,8005,2017,116.0
109,Colorado,CO-503,Metropolitan Denver,Arapahoe County,8005,2018,114.0
110,Colorado,CO-503,Metropolitan Denver,Arapahoe County,8005,2019,122.0
111,Colorado,CO-503,Metropolitan Denver,Arapahoe County,8005,2020,113.0
436,Colorado,CO-503,Metropolitan Denver,Arapahoe County,8005,2021,148.0
112,Colorado,CO-503,Metropolitan Denver,Boulder County,8013,2007,43.0
113,Colorado,CO-503,Metropolitan Denver,Boulder County,8013,2008,46.0
114,Colorado,CO-503,Metropolitan Denver,Boulder County,8013,2009,61.0
115,Colorado,CO-503,Metropolitan Denver,Boulder County,8013,2010,60.0
116,Colorado,CO-503,Metropolitan Denver,Boulder County,8013,2011,53.0
117,Colorado,CO-503,Metropolitan Denver,Boulder County,8013,2012,59.0
118,Colorado,CO-503,Metropolitan Denver,Boulder County,8013,2013,56.0
119,Colorado,CO-503,Metropolitan Denver,Boulder County,8013,2014,51.0
120,Colorado,CO-503,Metropolitan Denver,Boulder County,8013,2015,59.0
121,Colorado,CO-503,Metropolitan Denver,Boulder County,8013,2016,53.0
122,Colorado,CO-503,Metropolitan Denver,Boulder County,8013,2017,63.0
123,Colorado,CO-503,Metropolitan Denver,Boulder County,8013,2018,64.0
124,Colorado,CO-503,Metropolitan Denver,Boulder County,8013,2019,55.0
125,Colorado,CO-503,Metropolitan Denver,Boulder County,8013,2020,67.0
437,Colorado,CO-503,Metropolitan Denver,Boulder County,8013,2021,75.0
275,New York,NY-600,New York City,Bronx County,36005,2007,78.0
276,New York,NY-600,New York City,Bronx County,36005,2008,71.0
277,New York,NY-600,New York City,Bronx County,36005,2009,89.0
278,New York,NY-600,New York City,Bronx County,36005,2010,60.0
279,New York,NY-600,New York City,Bronx County,36005,2011,81.0
280,New York,NY-600,New York City,Bronx County,36005,2012,76.0
281,New York,NY-600,New York City,Bronx County,36005,2013,83.0
282,New York,NY-600,New York City,Bronx County,36005,2014,68.0
283,New York,NY-600,New York City,Bronx County,36005,2015,87.0
284,New York,NY-600,New York City,Bronx County,36005,2016,89.0
285,New York,NY-600,New York City,Bronx County,36005,2017,82.0
286,New York,NY-600,New York City,Bronx County,36005,2018,71.0
287,New York,NY-600,New York City,Bronx County,36005,2019,68.0
288,New York,NY-600,New York City,Bronx County,36005,2020,78.0
449,New York,NY-600,New York City,Bronx County,36005,2021,78.0
126,Colorado,CO-503,Metropolitan Denver,Broomfield County,8014,2007,12.0
462,Colorado,CO-503,Metropolitan Denver,Broomfield County,8014,2008,
463,Colorado,CO-503,Metropolitan Denver,Broomfield County,8014,2009,
127,Colorado,CO-503,Metropolitan Denver,Broomfield County,8014,2010,11.0
128,Colorado,CO-503,Metropolitan Denver,Broomfield County,8014,2011,10.0
129,Colorado,CO-503,Metropolitan Denver,Broomfield County,8014,2012,11.0
464,Colorado,CO-503,Metropolitan Denver,Broomfield County,8014,2013,
130,Colorado,CO-503,Metropolitan Denver,Broomfield County,8014,2014,11.0
131,Colorado,CO-503,Metropolitan Denver,Broomfield County,8014,2015,11.0
132,Colorado,CO-503,Metropolitan Denver,Broomfield County,8014,2016,16.0
460,Colorado,CO-503,Metropolitan Denver,Broomfield County,8014,2017,
133,Colorado,CO-503,Metropolitan Denver,Broomfield County,8014,2018,13.0
134,Colorado,CO-503,Metropolitan Denver,Broomfield County,8014,2019,13.0
461,Colorado,CO-503,Metropolitan Denver,Broomfield County,8014,2020,
438,Colorado,CO-503,Metropolitan Denver,Broomfield County,8014,2021,17.0
261,Nevada,NV-500,Las Vegas/Clark County,Clark County,32003,2007,328.0
262,Nevada,NV-500,Las Vegas/Clark County,Clark County,32003,2008,348.0
263,Nevada,NV-500,Las Vegas/Clark County,Clark County,32003,2009,336.0
264,Nevada,NV-500,Las Vegas/Clark County,Clark County,32003,2010,376.0
265,Nevada,NV-500,Las Vegas/Clark County,Clark County,32003,2011,330.0
266,Nevada,NV-500,Las Vegas/Clark County,Clark County,32003,2012,368.0
267,Nevada,NV-500,Las Vegas/Clark County,Clark County,32003,2013,350.0
268,Nevada,NV-500,Las Vegas/Clark County,Clark County,32003,2014,369.0
269,Nevada,NV-500,Las Vegas/Clark County,Clark County,32003,2015,374.0
270,Nevada,NV-500,Las Vegas/Clark County,Clark County,32003,2016,419.0
271,Nevada,NV-500,Las Vegas/Clark County,Clark County,32003,2017,433.0
272,Nevada,NV-500,Las Vegas/Clark County,Clark County,32003,2018,465.0
273,Nevada,NV-500,Las Vegas/Clark County,Clark County,32003,2019,419.0
274,Nevada,NV-500,Las Vegas/Clark County,Clark County,32003,2020,395.0
448,Nevada,NV-500,Las Vegas/Clark County,Clark County,32003,2021,440.0
219,Illinois,IL-510,Chicago,Cook County,17031,2007,389.0
220,Illinois,IL-510,Chicago,Cook County,17031,2008,422.0
221,Illinois,IL-510,Chicago,Cook County,17031,2009,403.0
222,Illinois,IL-510,Chicago,Cook County,17031,2010,395.0
223,Illinois,IL-510,Chicago,Cook County,17031,2011,365.0
224,Illinois,IL-510,Chicago,Cook County,17031,2012,450.0
225,Illinois,IL-510,Chicago,Cook County,17031,2013,446.0
226,Illinois,IL-510,Chicago,Cook County,17031,2014,453.0
227,Illinois,IL-510,Chicago,Cook County,17031,2015,434.0
228,Illinois,IL-510,Chicago,Cook County,17031,2016,425.0
229,Illinois,IL-510,Chicago,Cook County,17031,2017,464.0
230,Illinois,IL-510,Chicago,Cook County,17031,2018,459.0
231,Illinois,IL-510,Chicago,Cook County,17031,2019,477.0
232,Illinois,IL-510,Chicago,Cook County,17031,2020,452.0
445,Illinois,IL-510,Chicago,Cook County,17031,2021,496.0
135,Colorado,CO-503,Metropolitan Denver,Denver County,8031,2007,100.0
136,Colorado,CO-503,Metropolitan Denver,Denver County,8031,2008,96.0
137,Colorado,CO-503,Metropolitan Denver,Denver County,8031,2009,103.0
138,Colorado,CO-503,Metropolitan Denver,Denver County,8031,2010,104.0
139,Colorado,CO-503,Metropolitan Denver,Denver County,8031,2011,97.0
140,Colorado,CO-503,Metropolitan Denver,Denver County,8031,2012,119.0
141,Colorado,CO-503,Metropolitan Denver,Denver County,8031,2013,97.0
142,Colorado,CO-503,Metropolitan Denver,Denver County,8031,2014,97.0
143,Colorado,CO-503,Metropolitan Denver,Denver County,8031,2015,97.0
144,Colorado,CO-503,Metropolitan Denver,Denver County,8031,2016,120.0
145,Colorado,CO-503,Metropolitan Denver,Denver County,8031,2017,132.0
146,Colorado,CO-503,Metropolitan Denver,Denver County,8031,2018,161.0
147,Colorado,CO-503,Metropolitan Denver,Denver County,8031,2019,159.0
148,Colorado,CO-503,Metropolitan Denver,Denver County,8031,2020,152.0
439,Colorado,CO-503,Metropolitan Denver,Denver County,8031,2021,150.0
177,District of Columbia,DC-500,District of Columbia,District of Columbia,11001,2007,36.0
178,District of Columbia,DC-500,District of Columbia,District of Columbia,11001,2008,43.0
179,District of Columbia,DC-500,District of Columbia,District of Columbia,11001,2009,29.0
180,District of Columbia,DC-500,District of Columbia,District of Columbia,11001,2010,41.0
181,District of Columbia,DC-500,District of Columbia,District of Columbia,11001,2011,37.0
182,District of Columbia,DC-500,District of Columbia,District of Columbia,11001,2012,37.0
183,District of Columbia,DC-500,District of Columbia,District of Columbia,11001,2013,38.0
184,District of Columbia,DC-500,District of Columbia,District of Columbia,11001,2014,52.0
185,District of Columbia,DC-500,District of Columbia,District of Columbia,11001,2015,34.0
186,District of Columbia,DC-500,District of Columbia,District of Columbia,11001,2016,40.0
187,District of Columbia,DC-500,District of Columbia,District of Columbia,11001,2017,47.0
188,District of Columbia,DC-500,District of Columbia,District of Columbia,11001,2018,54.0
189,District of Columbia,DC-500,District of Columbia,District of Columbia,11001,2019,44.0
190,District of Columbia,DC-500,District of Columbia,District of Columbia,11001,2020,38.0
442,District of Columbia,DC-500,District of Columbia,District of Columbia,11001,2021,46.0
149,Colorado,CO-503,Metropolitan Denver,Douglas County,8035,2007,31.0
150,Colorado,CO-503,Metropolitan Denver,Douglas County,8035,2008,33.0
151,Colorado,CO-503,Metropolitan Denver,Douglas County,8035,2009,34.0
152,Colorado,CO-503,Metropolitan Denver,Douglas County,8035,2010,33.0
153,Colorado,CO-503,Metropolitan Denver,Douglas County,8035,2011,46.0
154,Colorado,CO-503,Metropolitan Denver,Douglas County,8035,2012,46.0
155,Colorado,CO-503,Metropolitan Denver,Douglas County,8035,2013,61.0
156,Colorado,CO-503,Metropolitan Denver,Douglas County,8035,2014,53.0
157,Colorado,CO-503,Metropolitan Denver,Douglas County,8035,2015,51.0
158,Colorado,CO-503,Metropolitan Denver,Douglas County,8035,2016,59.0
159,Colorado,CO-503,Metropolitan Denver,Douglas County,8035,2017,51.0
160,Colorado,CO-503,Metropolitan Denver,Douglas County,8035,2018,59.0
161,Colorado,CO-503,Metropolitan Denver,Douglas County,8035,2019,57.0
162,Colorado,CO-503,Metropolitan Denver,Douglas County,8035,2020,49.0
440,Colorado,CO-503,Metropolitan Denver,Douglas County,8035,2021,59.0
387,Texas,TX-700,"Houston, Pasadena, Conroe/Harris, Ft. Bend, Montgomery",Fort Bend County,48157,2007,31.0
388,Texas,TX-700,"Houston, Pasadena, Conroe/Harris, Ft. Bend, Montgomery",Fort Bend County,48157,2008,44.0
389,Texas,TX-700,"Houston, Pasadena, Conroe/Harris, Ft. Bend, Montgomery",Fort Bend County,48157,2009,41.0
390,Texas,TX-700,"Houston, Pasadena, Conroe/Harris, Ft. Bend, Montgomery",Fort Bend County,48157,2010,31.0
391,Texas,TX-700,"Houston, Pasadena, Conroe/Harris, Ft. Bend, Montgomery",Fort Bend County,48157,2011,47.0
392,Texas,TX-700,"Houston, Pasadena, Conroe/Harris, Ft. Bend, Montgomery",Fort Bend County,48157,2012,41.0
393,Texas,TX-700,"Houston, Pasadena, Conroe/Harris, Ft. Bend, Montgomery",Fort Bend County,48157,2013,49.0
394,Texas,TX-700,"Houston, Pasadena, Conroe/Harris, Ft. Bend, Montgomery",Fort Bend County,48157,2014,50.0
395,Texas,TX-700,"Houston, Pasadena, Conroe/Harris, Ft. Bend, Montgomery",Fort Bend County,48157,2015,75.0
396,Texas,TX-700,"Houston, Pasadena, Conroe/Harris, Ft. Bend, Montgomery",Fort Bend County,48157,2016,70.0
397,Texas,TX-700,"Houston, Pasadena, Conroe/Harris, Ft. Bend, Montgomery",Fort Bend County,48157,2017,79.0
398,Texas,TX-700,"Houston, Pasadena, Conroe/Harris, Ft. Bend, Montgomery",Fort Bend County,48157,2018,97.0
399,Texas,TX-700,"Houston, Pasadena, Conroe/Harris, Ft. Bend, Montgomery",Fort Bend County,48157,2019,73.0
400,Texas,TX-700,"Houston, Pasadena, Conroe/Harris, Ft. Bend, Montgomery",Fort Bend County,48157,2020,85.0
457,Texas,TX-700,"Houston, Pasadena, Conroe/Harris, Ft. Bend, Montgomery",Fort Bend County,48157,2021,87.0
205,Georgia,GA-500,Atlanta,Fulton County,13121,2007,79.0
206,Georgia,GA-500,Atlanta,Fulton County,13121,2008,70.0
207,Georgia,GA-500,Atlanta,Fulton County,13121,2009,90.0
208,Georgia,GA-500,Atlanta,Fulton County,13121,2010,100.0
209,Georgia,GA-500,Atlanta,Fulton County,13121,2011,105.0
210,Georgia,GA-500,Atlanta,Fulton County,13121,2012,111.0
211,Georgia,GA-500,Atlanta,Fulton County,13121,2013,124.0
212,Georgia,GA-500,Atlanta,Fulton County,13121,2014,105.0
213,Georgia,GA-500,Atlanta,Fulton County,13121,2015,89.0
214,Georgia,GA-500,Atlanta,Fulton County,13121,2016,113.0
215,Georgia,GA-500,Atlanta,Fulton County,13121,2017,127.0
216,Georgia,GA-500,Atlanta,Fulton County,13121,2018,125.0
217,Georgia,GA-500,Atlanta,Fulton County,13121,2019,117.0
218,Georgia,GA-500,Atlanta,Fulton County,13121,2020,106.0
444,Georgia,GA-500,Atlanta,Fulton County,13121,2021,146.0
359,Texas,TX-700,"Houston, Pasadena, Conroe/Harris, Ft. Bend, Montgomery",Harris County,48201,2007,388.0
360,Texas,TX-700,"Houston, Pasadena, Conroe/Harris, Ft. Bend, Montgomery",Harris County,48201,2008,392.0
361,Texas,TX-700,"Houston, Pasadena, Conroe/Harris, Ft. Bend, Montgomery",Harris County,48201,2009,452.0
362,Texas,TX-700,"Houston, Pasadena, Conroe/Harris, Ft. Bend, Montgomery",Harris County,48201,2010,437.0
363,Texas,TX-700,"Houston, Pasadena, Conroe/Harris, Ft. Bend, Montgomery",Harris County,48201,2011,421.0
364,Texas,TX-700,"Houston, Pasadena, Conroe/Harris, Ft. Bend, Montgomery",Harris County,48201,2012,429.0
365,Texas,TX-700,"Houston, Pasadena, Conroe/Harris, Ft. Bend, Montgomery",Harris County,48201,2013,409.0
366,Texas,TX-700,"Houston, Pasadena, Conroe/Harris, Ft. Bend, Montgomery",Harris County,48201,2014,430.0
367,Texas,TX-700,"Houston, Pasadena, Conroe/Harris, Ft. Bend, Montgomery",Harris County,48201,2015,468.0
368,Texas,TX-700,"Houston, Pasadena, Conroe/Harris, Ft. Bend, Montgomery",Harris County,48201,2016,491.0
369,Texas,TX-700,"Houston, Pasadena, Conroe/Harris, Ft. Bend, Montgomery",Harris County,48201,2017,491.0
370,Texas,TX-700,"Houston, Pasadena, Conroe/Harris, Ft. Bend, Montgomery",Harris County,48201,2018,481.0
371,Texas,TX-700,"Houston, Pasadena, Conroe/Harris, Ft. Bend, Montgomery",Harris County,48201,2019,509.0
372,Texas,TX-700,"Houston, Pasadena, Conroe/Harris, Ft. Bend, Montgomery",Harris County,48201,2020,528.0
455,Texas,TX-700,"Houston, Pasadena, Conroe/Harris, Ft. Bend, Montgomery",Harris County,48201,2021,566.0
191,Florida,FL-501,Tampa/Hillsborough County,Hillsborough County,12057,2007,157.0
192,Florida,FL-501,Tampa/Hillsborough County,Hillsborough County,12057,2008,164.0
193,Florida,FL-501,Tampa/Hillsborough County,Hillsborough County,12057,2009,180.0
194,Florida,FL-501,Tampa/Hillsborough County,Hillsborough County,12057,2010,145.0
195,Florida,FL-501,Tampa/Hillsborough County,Hillsborough County,12057,2011,165.0
196,Florida,FL-501,Tampa/Hillsborough County,Hillsborough County,12057,2012,166.0
197,Florida,FL-501,Tampa/Hillsborough County,Hillsborough County,12057,2013,166.0
198,Florida,FL-501,Tampa/Hillsborough County,Hillsborough County,12057,2014,190.0
199,Florida,FL-501,Tampa/Hillsborough County,Hillsborough County,12057,2015,199.0
200,Florida,FL-501,Tampa/Hillsborough County,Hillsborough County,12057,2016,164.0
201,Florida,FL-501,Tampa/Hillsborough County,Hillsborough County,12057,2017,193.0
202,Florida,FL-501,Tampa/Hillsborough County,Hillsborough County,12057,2018,216.0
203,Florida,FL-501,Tampa/Hillsborough County,Hillsborough County,12057,2019,220.0
204,Florida,FL-501,Tampa/Hillsborough County,Hillsborough County,12057,2020,188.0
443,Florida,FL-501,Tampa/Hillsborough County,Hillsborough County,12057,2021,209.0
163,Colorado,CO-503,Metropolitan Denver,Jefferson County,8059,2007,96.0
164,Colorado,CO-503,Metropolitan Denver,Jefferson County,8059,2008,89.0
165,Colorado,CO-503,Metropolitan Denver,Jefferson County,8059,2009,97.0
166,Colorado,CO-503,Metropolitan Denver,Jefferson County,8059,2010,113.0
167,Colorado,CO-503,Metropolitan Denver,Jefferson County,8059,2011,101.0
168,Colorado,CO-503,Metropolitan Denver,Jefferson County,8059,2012,127.0
169,Colorado,CO-503,Metropolitan Denver,Jefferson County,8059,2013,92.0
170,Colorado,CO-503,Metropolitan Denver,Jefferson County,8059,2014,105.0
171,Colorado,CO-503,Metropolitan Denver,Jefferson County,8059,2015,116.0
172,Colorado,CO-503,Metropolitan Denver,Jefferson County,8059,2016,103.0
173,Colorado,CO-503,Metropolitan Denver,Jefferson County,8059,2017,108.0
174,Colorado,CO-503,Metropolitan Denver,Jefferson County,8059,2018,117.0
175,Colorado,CO-503,Metropolitan Denver,Jefferson County,8059,2019,112.0
176,Colorado,CO-503,Metropolitan Denver,Jefferson County,8059,2020,114.0
441,Colorado,CO-503,Metropolitan Denver,Jefferson County,8059,2021,150.0
415,Washington,WA-500,Seattle/King,King County,53033,2007,218.0
416,Washington,WA-500,Seattle/King,King County,53033,2008,204.0
417,Washington,WA-500,Seattle/King,King County,53033,2009,227.0
418,Washington,WA-500,Seattle/King,King County,53033,2010,228.0
419,Washington,WA-500,Seattle/King,King County,53033,2011,248.0
420,Washington,WA-500,Seattle/King,King County,53033,2012,271.0
421,Washington,WA-500,Seattle/King,King County,53033,2013,255.0
422,Washington,WA-500,Seattle/King,King County,53033,2014,268.0
423,Washington,WA-500,Seattle/King,King County,53033,2015,252.0
424,Washington,WA-500,Seattle/King,King County,53033,2016,264.0
425,Washington,WA-500,Seattle/King,King County,53033,2017,269.0
426,Washington,WA-500,Seattle/King,King County,53033,2018,309.0
427,Washington,WA-500,Seattle/King,King County,53033,2019,320.0
428,Washington,WA-500,Seattle/King,King County,53033,2020,263.0
459,Washington,WA-500,Seattle/King,King County,53033,2021,295.0
289,New York,NY-600,New York City,Kings County,36047,2007,119.0
290,New York,NY-600,New York City,Kings County,36047,2008,140.0
291,New York,NY-600,New York City,Kings County,36047,2009,126.0
292,New York,NY-600,New York City,Kings County,36047,2010,123.0
293,New York,NY-600,New York City,Kings County,36047,2011,118.0
294,New York,NY-600,New York City,Kings County,36047,2012,126.0
295,New York,NY-600,New York City,Kings County,36047,2013,130.0
296,New York,NY-600,New York City,Kings County,36047,2014,137.0
297,New York,NY-600,New York City,Kings County,36047,2015,137.0
298,New York,NY-600,New York City,Kings County,36047,2016,130.0
299,New York,NY-600,New York City,Kings County,36047,2017,142.0
300,New York,NY-600,New York City,Kings County,36047,2018,146.0
301,New York,NY-600,New York City,Kings County,36047,2019,152.0
302,New York,NY-600,New York City,Kings County,36047,2020,130.0
450,New York,NY-600,New York City,Kings County,36047,2021,154.0
14,California,CA-600,Los Angeles City & County,Los Angeles County,6037,2007,687.0
15,California,CA-600,Los Angeles City & County,Los Angeles County,6037,2008,810.0
16,California,CA-600,Los Angeles City & County,Los Angeles County,6037,2009,787.0
17,California,CA-600,Los Angeles City & County,Los Angeles County,6037,2010,809.0
18,California,CA-600,Los Angeles City & County,Los Angeles County,6037,2011,778.0
19,California,CA-600,Los Angeles City & County,Los Angeles County,6037,2012,769.0
20,California,CA-600,Los Angeles City & County,Los Angeles County,6037,2013,798.0
21,California,CA-600,Los Angeles City & County,Los Angeles County,6037,2014,818.0
22,California,CA-600,Los Angeles City & County,Los Angeles County,6037,2015,823.0
23,California,CA-600,Los Angeles City & County,Los Angeles County,6037,2016,843.0
24,California,CA-600,Los Angeles City & County,Los Angeles County,6037,2017,891.0
25,California,CA-600,Los Angeles City & County,Los Angeles County,6037,2018,947.0
26,California,CA-600,Los Angeles City & County,Los Angeles County,6037,2019,865.0
27,California,CA-600,Los Angeles City & County,Los Angeles County,6037,2020,853.0
430,California,CA-600,Los Angeles City & County,Los Angeles County,6037,2021,830.0
0,Arizona,AZ-502,"Phoenix,Mesa/Maricopa",Maricopa County,4013,2007,568.0
1,Arizona,AZ-502,"Phoenix,Mesa/Maricopa",Maricopa County,4013,2008,540.0
2,Arizona,AZ-502,"Phoenix,Mesa/Maricopa",Maricopa County,4013,2009,524.0
3,Arizona,AZ-502,"Phoenix,Mesa/Maricopa",Maricopa County,4013,2010,564.0
4,Arizona,AZ-502,"Phoenix,Mesa/Maricopa",Maricopa County,4013,2011,621.0
5,Arizona,AZ-502,"Phoenix,Mesa/Maricopa",Maricopa County,4013,2012,604.0
6,Arizona,AZ-502,"Phoenix,Mesa/Maricopa",Maricopa County,4013,2013,629.0
7,Arizona,AZ-502,"Phoenix,Mesa/Maricopa",Maricopa County,4013,2014,654.0
8,Arizona,AZ-502,"Phoenix,Mesa/Maricopa",Maricopa County,4013,2015,673.0
9,Arizona,AZ-502,"Phoenix,Mesa/Maricopa",Maricopa County,4013,2016,691.0
10,Arizona,AZ-502,"Phoenix,Mesa/Maricopa",Maricopa County,4013,2017,678.0
11,Arizona,AZ-502,"Phoenix,Mesa/Maricopa",Maricopa County,4013,2018,737.0
12,Arizona,AZ-502,"Phoenix,Mesa/Maricopa",Maricopa County,4013,2019,733.0
13,Arizona,AZ-502,"Phoenix,Mesa/Maricopa",Maricopa County,4013,2020,716.0
429,Arizona,AZ-502,"Phoenix,Mesa/Maricopa",Maricopa County,4013,2021,739.0
373,Texas,TX-700,"Houston, Pasadena, Conroe/Harris, Ft. Bend, Montgomery",Montgomery County,48339,2007,47.0
374,Texas,TX-700,"Houston, Pasadena, Conroe/Harris, Ft. Bend, Montgomery",Montgomery County,48339,2008,47.0
375,Texas,TX-700,"Houston, Pasadena, Conroe/Harris, Ft. Bend, Montgomery",Montgomery County,48339,2009,72.0
376,Texas,TX-700,"Houston, Pasadena, Conroe/Harris, Ft. Bend, Montgomery",Montgomery County,48339,2010,53.0
377,Texas,TX-700,"Houston, Pasadena, Conroe/Harris, Ft. Bend, Montgomery",Montgomery County,48339,2011,85.0
378,Texas,TX-700,"Houston, Pasadena, Conroe/Harris, Ft. Bend, Montgomery",Montgomery County,48339,2012,65.0
379,Texas,TX-700,"Houston, Pasadena, Conroe/Harris, Ft. Bend, Montgomery",Montgomery County,48339,2013,77.0
380,Texas,TX-700,"Houston, Pasadena, Conroe/Harris, Ft. Bend, Montgomery",Montgomery County,48339,2014,81.0
381,Texas,TX-700,"Houston, Pasadena, Conroe/Harris, Ft. Bend, Montgomery",Montgomery County,48339,2015,90.0
382,Texas,TX-700,"Houston, Pasadena, Conroe/Harris, Ft. Bend, Montgomery",Montgomery County,48339,2016,92.0
383,Texas,TX-700,"Houston, Pasadena, Conroe/Harris, Ft. Bend, Montgomery",Montgomery County,48339,2017,86.0
384,Texas,TX-700,"Houston, Pasadena, Conroe/Harris, Ft. Bend, Montgomery",Montgomery County,48339,2018,90.0
385,Texas,TX-700,"Houston, Pasadena, Conroe/Harris, Ft. Bend, Montgomery",Montgomery County,48339,2019,109.0
386,Texas,TX-700,"Houston, Pasadena, Conroe/Harris, Ft. Bend, Montgomery",Montgomery County,48339,2020,107.0
456,Texas,TX-700,"Houston, Pasadena, Conroe/Harris, Ft. Bend, Montgomery",Montgomery County,48339,2021,113.0
303,New York,NY-600,New York City,New York County,36061,2007,111.0
304,New York,NY-600,New York City,New York County,36061,2008,111.0
305,New York,NY-600,New York City,New York County,36061,2009,92.0
306,New York,NY-600,New York City,New York County,36061,2010,107.0
307,New York,NY-600,New York City,New York County,36061,2011,130.0
308,New York,NY-600,New York City,New York County,36061,2012,144.0
309,New York,NY-600,New York City,New York County,36061,2013,139.0
310,New York,NY-600,New York City,New York County,36061,2014,144.0
311,New York,NY-600,New York City,New York County,36061,2015,130.0
312,New York,NY-600,New York City,New York County,36061,2016,114.0
313,New York,NY-600,New York City,New York County,36061,2017,154.0
314,New York,NY-600,New York City,New York County,36061,2018,127.0
315,New York,NY-600,New York City,New York County,36061,2019,132.0
316,New York,NY-600,New York City,New York County,36061,2020,130.0
451,New York,NY-600,New York City,New York County,36061,2021,126.0
345,Pennsylvania,PA-500,Philadelphia,Philadelphia County,42101,2007,134.0
346,Pennsylvania,PA-500,Philadelphia,Philadelphia County,42101,2008,178.0
347,Pennsylvania,PA-500,Philadelphia,Philadelphia County,42101,2009,153.0
348,Pennsylvania,PA-500,Philadelphia,Philadelphia County,42101,2010,146.0
349,Pennsylvania,PA-500,Philadelphia,Philadelphia County,42101,2011,167.0
350,Pennsylvania,PA-500,Philadelphia,Philadelphia County,42101,2012,172.0
351,Pennsylvania,PA-500,Philadelphia,Philadelphia County,42101,2013,156.0
352,Pennsylvania,PA-500,Philadelphia,Philadelphia County,42101,2014,164.0
353,Pennsylvania,PA-500,Philadelphia,Philadelphia County,42101,2015,163.0
354,Pennsylvania,PA-500,Philadelphia,Philadelphia County,42101,2016,149.0
355,Pennsylvania,PA-500,Philadelphia,Philadelphia County,42101,2017,163.0
356,Pennsylvania,PA-500,Philadelphia,Philadelphia County,42101,2018,160.0
357,Pennsylvania,PA-500,Philadelphia,Philadelphia County,42101,2019,169.0
358,Pennsylvania,PA-500,Philadelphia,Philadelphia County,42101,2020,167.0
454,Pennsylvania,PA-500,Philadelphia,Philadelphia County,42101,2021,183.0
317,New York,NY-600,New York City,Queens County,36081,2007,138.0
318,New York,NY-600,New York City,Queens County,36081,2008,115.0
319,New York,NY-600,New York City,Queens County,36081,2009,124.0
320,New York,NY-600,New York City,Queens County,36081,2010,154.0
321,New York,NY-600,New York City,Queens County,36081,2011,144.0
322,New York,NY-600,New York City,Queens County,36081,2012,152.0
323,New York,NY-600,New York City,Queens County,36081,2013,149.0
324,New York,NY-600,New York City,Queens County,36081,2014,147.0
325,New York,NY-600,New York City,Queens County,36081,2015,136.0
326,New York,NY-600,New York City,Queens County,36081,2016,152.0
327,New York,NY-600,New York City,Queens County,36081,2017,140.0
328,New York,NY-600,New York City,Queens County,36081,2018,165.0
329,New York,NY-600,New York City,Queens County,36081,2019,142.0
330,New York,NY-600,New York City,Queens County,36081,2020,155.0
452,New York,NY-600,New York City,Queens County,36081,2021,139.0
331,New York,NY-600,New York City,Richmond County,36085,2007,24.0
332,New York,NY-600,New York City,Richmond County,36085,2008,27.0
333,New York,NY-600,New York City,Richmond County,36085,2009,29.0
334,New York,NY-600,New York City,Richmond County,36085,2010,34.0
335,New York,NY-600,New York City,Richmond County,36085,2011,24.0
336,New York,NY-600,New York City,Richmond County,36085,2012,32.0
337,New York,NY-600,New York City,Richmond County,36085,2013,32.0
338,New York,NY-600,New York City,Richmond County,36085,2014,31.0
339,New York,NY-600,New York City,Richmond County,36085,2015,33.0
340,New York,NY-600,New York City,Richmond County,36085,2016,31.0
341,New York,NY-600,New York City,Richmond County,36085,2017,38.0
342,New York,NY-600,New York City,Richmond County,36085,2018,36.0
343,New York,NY-600,New York City,Richmond County,36085,2019,33.0
344,New York,NY-600,New York City,Richmond County,36085,2020,30.0
453,New York,NY-600,New York City,Richmond County,36085,2021,36.0
56,California,CA-609,San Bernardino City & County,San Bernardino County,6071,2007,161.0
57,California,CA-609,San Bernardino City & County,San Bernardino County,6071,2008,203.0
58,California,CA-609,San Bernardino City & County,San Bernardino County,6071,2009,241.0
59,California,CA-609,San Bernardino City & County,San Bernardino County,6071,2010,214.0
60,California,CA-609,San Bernardino City & County,San Bernardino County,6071,2011,200.0
61,California,CA-609,San Bernardino City & County,San Bernardino County,6071,2012,224.0
62,California,CA-609,San Bernardino City & County,San Bernardino County,6071,2013,203.0
63,California,CA-609,San Bernardino City & County,San Bernardino County,6071,2014,195.0
64,California,CA-609,San Bernardino City & County,San Bernardino County,6071,2015,214.0
65,California,CA-609,San Bernardino City & County,San Bernardino County,6071,2016,229.0
66,California,CA-609,San Bernardino City & County,San Bernardino County,6071,2017,227.0
67,California,CA-609,San Bernardino City & County,San Bernardino County,6071,2018,237.0
68,California,CA-609,San Bernardino City & County,San Bernardino County,6071,2019,236.0
69,California,CA-609,San Bernardino City & County,San Bernardino County,6071,2020,242.0
433,California,CA-609,San Bernardino City & County,San Bernardino County,6071,2021,236.0
28,California,CA-601,San Diego City and County,San Diego County,6073,2007,362.0
29,California,CA-601,San Diego City and County,San Diego County,6073,2008,365.0
30,California,CA-601,San Diego City and County,San Diego County,6073,2009,368.0
31,California,CA-601,San Diego City and County,San Diego County,6073,2010,355.0
32,California,CA-601,San Diego City and County,San Diego County,6073,2011,386.0
33,California,CA-601,San Diego City and County,San Diego County,6073,2012,409.0
34,California,CA-601,San Diego City and County,San Diego County,6073,2013,431.0
35,California,CA-601,San Diego City and County,San Diego County,6073,2014,421.0
36,California,CA-601,San Diego City and County,San Diego County,6073,2015,411.0
37,California,CA-601,San Diego City and County,San Diego County,6073,2016,415.0
38,California,CA-601,San Diego City and County,San Diego County,6073,2017,432.0
39,California,CA-601,San Diego City and County,San Diego County,6073,2018,448.0
40,California,CA-601,San Diego City and County,San Diego County,6073,2019,427.0
41,California,CA-601,San Diego City and County,San Diego County,6073,2020,404.0
431,California,CA-601,San Diego City and County,San Diego County,6073,2021,357.0
70,California,CA-501,San Francisco,San Francisco County,6075,2007,112.0
71,California,CA-501,San Francisco,San Francisco County,6075,2008,93.0
72,California,CA-501,San Francisco,San Francisco County,6075,2009,97.0
73,California,CA-501,San Francisco,San Francisco County,6075,2010,96.0
74,California,CA-501,San Francisco,San Francisco County,6075,2011,103.0
75,California,CA-501,San Francisco,San Francisco County,6075,2012,73.0
76,California,CA-501,San Francisco,San Francisco County,6075,2013,72.0
77,California,CA-501,San Francisco,San Francisco County,6075,2014,71.0
78,California,CA-501,San Francisco,San Francisco County,6075,2015,98.0
79,California,CA-501,San Francisco,San Francisco County,6075,2016,114.0
80,California,CA-501,San Francisco,San Francisco County,6075,2017,101.0
81,California,CA-501,San Francisco,San Francisco County,6075,2018,78.0
82,California,CA-501,San Francisco,San Francisco County,6075,2019,90.0
83,California,CA-501,San Francisco,San Francisco County,6075,2020,77.0
434,California,CA-501,San Francisco,San Francisco County,6075,2021,76.0
42,California,CA-500,San Jose/Santa Clara City & County,Santa Clara County,6085,2007,144.0
43,California,CA-500,San Jose/Santa Clara City & County,Santa Clara County,6085,2008,161.0
44,California,CA-500,San Jose/Santa Clara City & County,Santa Clara County,6085,2009,153.0
45,California,CA-500,San Jose/Santa Clara City & County,Santa Clara County,6085,2010,148.0
46,California,CA-500,San Jose/Santa Clara City & County,Santa Clara County,6085,2011,164.0
47,California,CA-500,San Jose/Santa Clara City & County,Santa Clara County,6085,2012,151.0
48,California,CA-500,San Jose/Santa Clara City & County,Santa Clara County,6085,2013,152.0
49,California,CA-500,San Jose/Santa Clara City & County,Santa Clara County,6085,2014,156.0
50,California,CA-500,San Jose/Santa Clara City & County,Santa Clara County,6085,2015,156.0
51,California,CA-500,San Jose/Santa Clara City & County,Santa Clara County,6085,2016,147.0
52,California,CA-500,San Jose/Santa Clara City & County,Santa Clara County,6085,2017,142.0
53,California,CA-500,San Jose/Santa Clara City & County,Santa Clara County,6085,2018,157.0
54,California,CA-500,San Jose/Santa Clara City & County,Santa Clara County,6085,2019,172.0
55,California,CA-500,San Jose/Santa Clara City & County,Santa Clara County,6085,2020,174.0
432,California,CA-500,San Jose/Santa Clara City & County,Santa Clara County,6085,2021,153.0
233,Massachusetts,MA-500,Boston,Suffolk County,25025,2007,42.0
234,Massachusetts,MA-500,Boston,Suffolk County,25025,2008,40.0
235,Massachusetts,MA-500,Boston,Suffolk County,25025,2009,47.0
236,Massachusetts,MA-500,Boston,Suffolk County,25025,2010,54.0
237,Massachusetts,MA-500,Boston,Suffolk County,25025,2011,53.0
238,Massachusetts,MA-500,Boston,Suffolk County,25025,2012,44.0
239,Massachusetts,MA-500,Boston,Suffolk County,25025,2013,48.0
240,Massachusetts,MA-500,Boston,Suffolk County,25025,2014,36.0
241,Massachusetts,MA-500,Boston,Suffolk County,25025,2015,47.0
242,Massachusetts,MA-500,Boston,Suffolk County,25025,2016,50.0
243,Massachusetts,MA-500,Boston,Suffolk County,25025,2017,35.0
244,Massachusetts,MA-500,Boston,Suffolk County,25025,2018,62.0
245,Massachusetts,MA-500,Boston,Suffolk County,25025,2019,52.0
246,Massachusetts,MA-500,Boston,Suffolk County,25025,2020,48.0
446,Massachusetts,MA-500,Boston,Suffolk County,25025,2021,53.0
401,Texas,TX-503,Austin/Travis County,Travis County,48453,2007,108.0
402,Texas,TX-503,Austin/Travis County,Travis County,48453,2008,104.0
403,Texas,TX-503,Austin/Travis County,Travis County,48453,2009,113.0
404,Texas,TX-503,Austin/Travis County,Travis County,48453,2010,127.0
405,Texas,TX-503,Austin/Travis County,Travis County,48453,2011,107.0
406,Texas,TX-503,Austin/Travis County,Travis County,48453,2012,142.0
407,Texas,TX-503,Austin/Travis County,Travis County,48453,2013,138.0
408,Texas,TX-503,Austin/Travis County,Travis County,48453,2014,141.0
409,Texas,TX-503,Austin/Travis County,Travis County,48453,2015,159.0
410,Texas,TX-503,Austin/Travis County,Travis County,48453,2016,134.0
411,Texas,TX-503,Austin/Travis County,Travis County,48453,2017,164.0
412,Texas,TX-503,Austin/Travis County,Travis County,48453,2018,157.0
413,Texas,TX-503,Austin/Travis County,Travis County,48453,2019,167.0
414,Texas,TX-503,Austin/Travis County,Travis County,48453,2020,159.0
458,Texas,TX-503,Austin/Travis County,Travis County,48453,2021,198.0
247,Michigan,MI-501,Detroit,Wayne County,26163,2007,177.0
248,Michigan,MI-501,Detroit,Wayne County,26163,2008,202.0
249,Michigan,MI-501,Detroit,Wayne County,26163,2009,192.0
250,Michigan,MI-501,Detroit,Wayne County,26163,2010,196.0
251,Michigan,MI-501,Detroit,Wayne County,26163,2011,205.0
252,Michigan,MI-501,Detroit,Wayne County,26163,2012,196.0
253,Michigan,MI-501,Detroit,Wayne County,26163,2013,211.0
254,Michigan,MI-501,Detroit,Wayne County,26163,2014,217.0
255,Michigan,MI-501,Detroit,Wayne County,26163,2015,201.0
256,Michigan,MI-501,Detroit,Wayne County,26163,2016,210.0
257,Michigan,MI-501,Detroit,Wayne County,26163,2017,203.0
258,Michigan,MI-501,Detroit,Wayne County,26163,2018,225.0
259,Michigan,MI-501,Detroit,Wayne County,26163,2019,211.0
260,Michigan,MI-501,Detroit,Wayne County,26163,2020,218.0
447,Michigan,MI-501,Detroit,Wayne County,26163,2021,220.0
